dataset_name,gamma,C,accuracy
wine.data,0.250000,1.000000,0.977528
zoo.data,0.125000,2.000000,0.960396
flag.data,0.015625,4.000000,0.659794
glass.data,8.000000,8.000000,0.696262
ecoli.data,4.000000,1.000000,0.883929
